{"cameraMode":{"drawMode":0,"name":"Shaded","section":"Shading Mode"},"sceneLighting":true,"audioPlay":false,"sceneViewState":{"m_AlwaysRefresh":false,"showFog":true,"showSkybox":true,"showFlares":true,"showImageEffects":true,"showParticleSystems":true,"showVisualEffectGraphs":true,"m_FxEnabled":true},"in2DMode":false,"pivot":{"x":-1.0876483917236329,"y":1.3133583068847657,"z":-16.360347747802736},"rotation":{"x":-0.009521236643195153,"y":0.7782882452011108,"z":-0.011811059899628163,"w":-0.6277991533279419},"size":22.176712036132814,"orthographic":true}